ORG,ASSET NO.,TAC CODE,ACQ CODE,COST CENTRE,RETIRE CODE,RETIRE DATE,ACQ DATE,COST BASIS,ACCUM DEPN,CURR DEPN,YTD DEPN,YTD DEPN OTHER,CASH PROCEEDS,NON CASH PROCEEDS,CREATE DATE,SPECIFIC DESCRIPTION,FA400 STAT,EST LIFE YYY/MM,RUN DATE,MAKE,MODEL,SERIAL NO.,LOCATION,Asset Class
66,344124,119,1,1062,,,2020-01-01,26913.64,15475.34,224.28,672.84,0.0,,,2020-06-17,GDC FIRE SUPRESSION FITOU,1,10Yr 00Mth,2025-09-30,CONSTRUCTION FI TOUT, ,,GOV_DATA_CNT,1
66,341654,122,1,1011,,,2018-07-01,1031035,1031035,0.0,0.0,0.0,,,2018-08-17,IBM Z14SF MODEL ZR1,1,4Yr 00Mth,2025-09-30,IBM ,Z14 MODEL ZR1,8409C08,31_HARVEY_ST,1
66,344195,122,1,1011,,,2020-01-01,80795.25,80795.25,0.0,0.0,0.0,,,2020-06-29,IBM SAN48B GDC SWITCH,1,4Yr 00Mth,2025-09-30,IBM ,SAN48B -5 ,,GOV_DATA_CNT,1
66,344351,122,1,1011,,,2020-10-01,1090000.0,1090000.0,0.0,0.0,0.0,,,2020-11-17,IBM Z15 T02 MAINFRAME,1,4Yr 00Mth,2025-09-30,IBM ,Z15 T02 ,0040DC8,27_HARVEY_ST,1
66,500588,122,1,1011,,,2023-07-01,7500.0,3375.0,125.0,375.0,0.0,,,2023-08-10,SWCH-03,1,5Yr 00Mth,2025-09-30,IBM ,SAN64B-7 ,75-4807Z,GOV_DATA_CNT,1
66,500589,122,1,1011,,,2023-07-01,1182000.0,664875,24625.0,73875.0,0.0,,,2023-08-11,Z16 MAINFRAME,1,4Yr 00Mth,2025-09-30,IBM ,003932.AGZ ,IBM02000000091308,GOV_DATA_CNT,1
66,500590,122,1,1011,,,2023-07-01,7500.0,3375.0,125.0,375.0,0.0,,,2023-08-10,SWCH-04,1,5Yr 00Mth,2025-09-30,IBM ,SAN64B-7 ,75-4807D,GOV_DATA_CNT,1
66,500591,122,1,1011,,,2023-07-01,160000.0,72000.01,2666.67,8000.01,0.0,,,2023-08-10,TS7770 VTS SERVER,1,5Yr 00Mth,2025-09-30,IBM ,TS7770 ,78HDHH2,GOV_DATA_CNT,1
66,500592,122,1,1011,,,2023-07-01,7500.0,3375.0,125.0,375.0,0.0,,,2023-08-10,SWCH-01,1,5Yr 00Mth,2025-09-30,IBM ,SAN64B-7 ,75-4808B,27_HARVEY_ST,1
66,500593,122,1,1011,,,2023-07-01,7500.0,3375.0,125.0,375.0,0.0,,,2023-08-10,SWCH-02,1,5Yr 00Mth,2025-09-30,IBM ,SAN64B-7 ,75-4808C,27_HARVEY_ST,1
66,500594,122,1,1011,,,2023-07-01,160000.0,72000.01,2666.67,8000.01,0.0,,,2023-08-10,TS7770 VTS SERVER,1,5Yr 00Mth,2025-09-30,IBM ,TS7770 ,78HDHK2,27_HARVEY_ST,1
66,500595,122,1,1011,,,2023-07-01,250000.0,112500.01,4166.67,12500.01,0.0,,,2023-08-10,DS8910F,1,5Yr 00Mth,2025-09-30,IBM ,DS8910F ,75-LTP00,GOV_DATA_CNT,1
66,500596,122,1,1011,,,2023-07-01,250000.0,112500.01,4166.67,12500.01,0.0,,,2023-08-10,DS8910F,1,5Yr 00Mth,2025-09-30,IBM ,DS8910F ,75-LTG20,27_HARVEY_ST,1
66,500609,122,1,1011,,,2023-07-01,97000.0,97000.0,0.0,0.0,0.0,,,2023-08-30,Z15 MEMORY,1,2Yr 00Mth,2025-09-30,IBM ,Z15 ,40DC8,BACKUP_DATA,1
66,501965,122,1,1011,,,2022-09-01,57500.0,57500.0,0.0,0.0,0.0,,,2023-06-16,Z14 MEMORY,1,2Yr 00Mth,2025-09-30,IBM ,3907-ZR1 ,09C08,27_HARVEY_ST,1
66,501973,122,1,1011,,,2023-07-01,14760.0,14760.0,0.0,0.0,0.0,,,2023-08-10,POWER RACK,1,1Yr 00Mth,2025-09-30,IBM ,POWER RACK ,01AL468-YL1DGF310066,GOV_DATA_CNT,1
66,344496,122,1,1021,,,2021-05-03,19974.29,19974.29,0.0,0.0,0.0,,,2021-06-10,VEEAM PHYSICAL PROXY,1,3Yr 00Mth,2025-09-30,HP ,DL360 GEN1 0,SGH112VD9F,GOV_DATA_CNT,1
66,344497,122,1,1021,,,2021-05-03,19974.29,19974.29,0.0,0.0,0.0,,,2021-06-10,VEEAM PHYSICAL PROXY,1,3Yr 00Mth,2025-09-30,HP ,DL360 GEN1 0,SGH112VD9C,GOV_DATA_CNT,1
66,344498,122,1,1021,,,2021-05-03,19974.29,19974.29,0.0,0.0,0.0,,,2021-06-10,VEEAM PHYSICAL PROXY,1,3Yr 00Mth,2025-09-30,HP ,DL360 GEN1 0,SGH112VD99,GOV_DATA_CNT,1
66,344499,122,1,1021,,,2021-05-03,19974.29,19974.29,0.0,0.0,0.0,,,2021-06-10,VEEAM PHYSICAL PROXY,1,3Yr 00Mth,2025-09-30,HP ,DL360 GEN1 0,SGH112VD9H,GOV_DATA_CNT,1
66,500692,122,1,1021,,,2024-01-02,28926.29,16873.68,803.51,2410.53,0.0,,,2024-01-30,DCSESXGDCR4H01T,1,3Yr 00Mth,2025-09-30,HPE ,PROLIANT D L365 G10 +,SGH341HRP5,GOV_DATA_CNT,1
66,500693,122,1,1021,,,2024-01-02,28926.29,16873.68,803.51,2410.53,0.0,,,2024-01-30,DCSESXGDCR4H05P,1,3Yr 00Mth,2025-09-30,HPE ,PROLIANT D L365 G10 +,SGH342KJR9,GOV_DATA_CNT,1
66,500694,122,1,1021,,,2024-01-02,28926.29,16873.68,803.51,2410.53,0.0,,,2024-01-30,DCSESXGDCR4H06P,1,3Yr 00Mth,2025-09-30,HPE ,PROLIANT D L365 G10 +,SGH342KJR6,GOV_DATA_CNT,1
66,500695,122,1,1021,,,2024-01-02,28926.29,16873.68,803.51,2410.53,0.0,,,2024-01-30,DCSESXGDCR4H07P,1,3Yr 00Mth,2025-09-30,HPE ,PROLIANT D L365 G10 +,SGH342KJR3,GOV_DATA_CNT,1
66,500696,122,1,1021,,,2024-01-02,28926.29,16873.68,803.51,2410.53,0.0,,,2024-01-30,DCSESXGDCR4H08P,1,3Yr 00Mth,2025-09-30,HPE ,PROLIANT D L365 G10 +,SGH342KJR0,GOV_DATA_CNT,1
66,500697,122,1,1021,,,2024-01-02,28926.29,16873.68,803.51,2410.53,0.0,,,2024-01-30,DCSESXGDCR4H09P,1,3Yr 00Mth,2025-09-30,HPE ,PROLIANT D L365 G10 +,SGH342KJQX,GOV_DATA_CNT,1
66,500698,122,1,1021,,,2024-01-02,28926.29,16873.68,803.51,2410.53,0.0,,,2024-01-30,DCSESXGDCR4H10P,1,3Yr 00Mth,2025-09-30,HPE ,PROLIANT D L365 G10 +,SGH342KJQT,GOV_DATA_CNT,1
66,500699,122,1,1021,,,2024-01-02,28926.29,16873.68,803.51,2410.53,0.0,,,2024-01-30,DCSESXGDCR4H11P,1,3Yr 00Mth,2025-09-30,HPE ,PROLIANT D L365 G10 +,SGH342KJQQ,GOV_DATA_CNT,1
66,500700,122,1,1021,,,2024-01-02,28926.29,16873.68,803.51,2410.53,0.0,,,2024-01-30,DCSESXGDCR4I01T,1,3Yr 00Mth,2025-09-30,HPE ,PROLIANT D L360 G10 +,SGH341HRP7,GOV_DATA_CNT,1
66,500701,122,1,1021,,,2024-01-02,28926.29,16873.68,803.51,2410.53,0.0,,,2024-01-30,DCSESXGDCR4I04P,1,3Yr 00Mth,2025-09-30,HPE ,PROLIANT D L360 G10 +,SGH341HRSD,GOV_DATA_CNT,1
66,500702,122,1,1021,,,2024-01-02,28926.29,16873.68,803.51,2410.53,0.0,,,2024-01-30,DCSESXGDCR4I05P,1,3Yr 00Mth,2025-09-30,HPE ,PROLIANT D L365 G10 +,SGH342KJQM,GOV_DATA_CNT,1
66,500703,122,1,1021,,,2024-01-02,28926.29,16873.68,803.51,2410.53,0.0,,,2024-01-30,DCSESXGDCR4I06P,1,3Yr 00Mth,2025-09-30,HPE ,PROLIANT D L365 G10 +,SGH342KJQJ,GOV_DATA_CNT,1
66,500704,122,1,1021,,,2024-01-02,28926.29,16873.68,803.51,2410.53,0.0,,,2024-01-30,DCSESXGDCR4I07P,1,3Yr 00Mth,2025-09-30,HPE ,PROLIANT D L365 G10 +,SGH342KJQF,GOV_DATA_CNT,1
66,500705,122,1,1021,,,2024-01-02,28926.29,16873.68,803.51,2410.53,0.0,,,2024-01-30,DCSESXGDCR4I08P,1,3Yr 00Mth,2025-09-30,HPE ,PROLIANT D L365 G10 +,SGH342KJQB,GOV_DATA_CNT,1
66,500706,122,1,1021,,,2024-01-02,28926.29,16873.68,803.51,2410.53,0.0,,,2024-01-30,DCSESXGDCR4I09P,1,3Yr 00Mth,2025-09-30,HPE ,PROLIANT D L365 G10 +,SGH342KJQ7,GOV_DATA_CNT,1
66,500707,122,1,1021,,,2024-01-02,28926.29,16873.68,803.51,2410.53,0.0,,,2024-01-30,DCSESXGDCR4I10P,1,3Yr 00Mth,2025-09-30,HPE ,PROLIANT D L365 G10 +,SGH342KJQ4,GOV_DATA_CNT,1
66,500708,122,1,1021,,,2024-01-02,28926.29,16873.68,803.51,2410.53,0.0,,,2024-01-30,DCSESXBDCRE701P,1,3Yr 00Mth,2025-09-30,HPE ,PROLIANT D L365 G10 +,SGH341HS3W,27_HARVEY_ST,1
66,500709,122,1,1021,,,2024-01-02,28926.29,16873.68,803.51,2410.53,0.0,,,2024-01-30,DCSESXBDCRE702P,1,3Yr 00Mth,2025-09-30,HPE ,PROLIANT D L365 G10 +,SGH341HS3T,27_HARVEY_ST,1
66,500710,122,1,1021,,,2024-01-02,28926.29,16873.68,803.51,2410.53,0.0,,,2024-01-30,DCSESXBDCRE703P,1,3Yr 00Mth,2025-09-30,HPE ,PROLIANT D L365 G10 +,SGH341HS3R,27_HARVEY_ST,1
66,500711,122,1,1021,,,2024-01-02,28926.29,16873.68,803.51,2410.53,0.0,,,2024-01-30,DCSESXBDCRE704P,1,3Yr 00Mth,2025-09-30,HPE ,PROLIANT D L365 G10 +,SGH341HS41,27_HARVEY_ST,1
66,500712,122,1,1021,,,2024-01-02,28926.29,16873.68,803.51,2410.53,0.0,,,2024-01-30,DCSESXBDCRE705P,1,3Yr 00Mth,2025-09-30,HPE ,PROLIANT D L365 G10 +,SGH341HS44,27_HARVEY_ST,1
66,500713,122,1,1021,,,2024-01-02,28926.29,16873.68,803.51,2410.53,0.0,,,2024-01-30,DCSESXBDCRE706P,1,3Yr 00Mth,2025-09-30,HPE ,PROLIANT D L365 G10 +,SGH341HS47,27_HARVEY_ST,1
66,500714,122,1,1021,,,2024-01-02,28926.29,16873.68,803.51,2410.53,0.0,,,2024-01-30,DCSESXBDCRE707P,1,3Yr 00Mth,2025-09-30,HPE ,PROLIANT D L365 G10 +,SGH342L10R,27_HARVEY_ST,1
66,500835,122,1,1021,,,2024-07-01,21381.85,6681.84,445.46,1336.38,0.0,,,2024-07-30,DOH PBRC SERVER,1,4Yr 00Mth,2025-09-30,HPE ,DL380 G10 PLUS,SGH419G717,GOV_DATA_CNT,1
66,500836,122,1,1021,,,2024-07-01,21381.84,6681.84,445.46,1336.38,0.0,,,2024-07-30,DOH PBRC SERVER,1,4Yr 00Mth,2025-09-30,HPE ,DL380 G10 PLUS,SGH419G713,GOV_DATA_CNT,1
66,500880,122,1,1021,,,2025-03-07,30831.55,5995.01,856.43,2569.29,0.0,,,2025-04-17,DOHWSUNQAAP01P,1,3Yr 00Mth,2025-09-30,HPE ,DL3870 GEN  11,SGH508G7QK,GOV_DATA_CNT,1
66,500922,122,1,1021,,,2025-03-07,14164.19,2754.15,393.45,1180.35,0.0,,,2025-04-17,DETDELTAAP01P,1,3Yr 00Mth,2025-09-30,HPE ,PROLIANT D L360,SGH504JS2P,GOV_DATA_CNT,1
66,500965,122,1,1021,,,2024-12-27,32910.21,9141.71,914.17,2742.51,0.0,,,2025-02-21,DCSWSSMP02P SERVER,1,3Yr 00Mth,2025-09-30,HP ,HPE DL365 GEN 10,SGH445F9DF,BACKUP_DATA,1
66,501027,122,1,1021,,,2025-03-07,14164.19,2754.15,393.45,1180.35,0.0,,,2025-04-17,DETDELTAAP01T,1,3Yr 00Mth,2025-09-30,HPE ,PROLIANT D L360,SGH506M1NS,GOV_DATA_CNT,1
66,501146,122,1,1021,,,2025-07-01,25296.38,2108.04,702.68,2108.04,0.0,,,2025-08-19,RACK MOUNTED SERVER,1,3Yr 00Mth,2025-09-30,HEWLETT PACKARD  ENTERPRISE (HP,HPE DL365 GEN10+ 8SF,SGHD2PJHYV,GOV_DATA_CNT,1
66,501147,122,1,1021,,,2025-07-01,25296.38,2108.04,702.68,2108.04,0.0,,,2025-08-19,RACK MOUNTED SERVER,1,3Yr 00Mth,2025-09-30,HEWLETT PACKARD  ENTERPRISE (HP,HPE DL365 GEN10+ 8SF,SGHD2PJHYY,GOV_DATA_CNT,1
66,501148,122,1,1021,,,2025-07-01,25296.38,2108.04,702.68,2108.04,0.0,,,2025-08-19,RACK MOUNTED SERVER,1,3Yr 00Mth,2025-09-30,HEWLETT PACKARD  ENTERPRISE (HP,HPE DL365 GEN10+ 8SF,SGHD2PJHYN,GOV_DATA_CNT,1
66,501149,122,1,1021,,,2025-07-01,25296.38,2108.04,702.68,2108.04,0.0,,,2025-08-19,RACK MOUNTED SERVER,1,3Yr 00Mth,2025-09-30,HEWLETT PACKARD  ENTERPRISE (HP,HPE DL365 GEN10+ 8SF,SGHD2PJHYR,GOV_DATA_CNT,1
66,501150,122,1,1021,,,2025-07-01,20796.26,1733.01,577.67,1733.01,0.0,,,2025-08-19,RACK MOUNTED SERVER,1,3Yr 00Mth,2025-09-30,HEWLETT PACKARD  ENTERPRISE (HP,DL365 GEN 10+ 8SFF C,SGHD2PJHJN,GOV_DATA_CNT,1
66,501151,122,1,1021,,,2025-07-01,25296.38,2108.04,702.68,2108.04,0.0,,,2025-08-19,RACK MOUNTED SERVER,1,3Yr 00Mth,2025-09-30,HEWLETT PACKARD  ENTERPRISE (HP,HPE DL365 GEN10+ 8SF,SGHD2PJHYK,GOV_DATA_CNT,1
66,501569,122,1,1021,,,2022-02-28,10698.1,7845.27,178.3,534.9,0.0,,,2022-03-09,SMS GATEWAY SERVER,1,5Yr 00Mth,2025-09-30,HPE ,DL160 GEN1 0,SGH146XFYF,27_HARVEY_ST,1
66,501570,122,1,1021,,,2022-02-28,10698.09,7845.27,178.3,534.9,0.0,,,2022-03-09,SMS GATEWAY SERVER,1,5Yr 00Mth,2025-09-30,HPE ,DL160 GEN1 0,SGH146XFYJ,GOV_DATA_CNT,1
66,501757,122,1,1021,,,2022-07-01,32862.36,32862.36,0.0,0.0,0.0,,,2022-08-04,DCSESXGDCR4H04P,1,3Yr 00Mth,2025-09-30,HPE DL365 G10 ,HPE DL365 G10,SGH217V3BB,GOV_DATA_CNT,1
66,501758,122,1,1021,,,2022-07-01,32862.36,32862.36,0.0,0.0,0.0,,,2022-08-04,DCSESXGDCR4H03P,1,3Yr 00Mth,2025-09-30,HPE DL365 G10 ,HPE DL365 G10,SGH217V3B7,GOV_DATA_CNT,1
66,501759,122,1,1021,,,2022-07-01,32862.36,32862.36,0.0,0.0,0.0,,,2022-08-04,DCSESXGDCR4H02P,1,3Yr 00Mth,2025-09-30,HPE DL365 G10 ,HPE DL365 G10,SGH217V3B4,GOV_DATA_CNT,1
66,501760,122,1,1021,,,2022-07-01,32862.36,32862.36,0.0,0.0,0.0,,,2022-08-04,DCSESXGDCR4H01P,1,3Yr 00Mth,2025-09-30,HPE DL365 G10 ,HPE DL365 G10,SGH217V3B1,GOV_DATA_CNT,1
66,501761,122,1,1021,,,2022-07-01,32862.36,32862.36,0.0,0.0,0.0,,,2022-08-04,DCSESXGDCR4I01P,1,3Yr 00Mth,2025-09-30,HPE DL365 G10 ,HPE DL365 G10,SGH217V3BF,GOV_DATA_CNT,1
66,501762,122,1,1021,,,2022-07-01,32862.36,32862.36,0.0,0.0,0.0,,,2022-08-04,DCSESXGDCR4I02P,1,3Yr 00Mth,2025-09-30,HPE DL365 G10 ,HPE DL365 G10,SGH217V3BJ,GOV_DATA_CNT,1
66,501763,122,1,1021,,,2022-07-01,32862.36,32862.36,0.0,0.0,0.0,,,2022-08-04,DCSESXGDCR4I03P,1,3Yr 00Mth,2025-09-30,HPE DL365 G10 ,HPE DL365 G10,SGH217V3BM,GOV_DATA_CNT,1
66,501764,122,1,1021,,,2022-07-01,14433.25,14433.25,0.0,0.0,0.0,,,2022-08-04,VEEAM PROXY SERVER,1,3Yr 00Mth,2025-09-30,HPE DL365 G10 ,HPE DL365 G10,SGH217V3W5,27_HARVEY_ST,1
66,501765,122,1,1021,,,2022-07-01,14433.25,14433.25,0.0,0.0,0.0,,,2022-08-04,VEEAM PROXY SERVER,1,3Yr 00Mth,2025-09-30,HPE DL365 G10 ,HPE DL365 G10,SGH217V3W7,27_HARVEY_ST,1
66,340169,122,1,1041,,,2016-12-01,254713.44,254713.44,0.0,0.0,0.0,,,2017-05-18,BROCADE PLATFORMS+INSTALL,1,4Yr 00Mth,2025-09-30, , ,ANN2543MOOV/2543OOP,GOV_DATA_CNT,1
66,340505,122,1,1041,,,2019-08-01,14142.57,14142.57,0.0,0.0,0.0,,,2019-09-27,TAPE LIBRARY,1,3Yr 00Mth,2025-09-30,HP ,MSL2024 ,DEC92007CH,GOV_DATA_CNT,1
66,344144,122,1,1041,,,2020-05-07,195060.02,195060.02,0.0,0.0,0.0,,,2020-06-25,PURE STORAGE ARRAY X70 63,1,3Yr 00Mth,2025-09-30,PURE STORAGE ,X70 ,PCHFL18280037,GOV_DATA_CNT,1
66,344196,122,1,1041,,,2020-01-01,80795.25,80795.25,0.0,0.0,0.0,,,2020-06-30,IBM SAN48B-5 BDC SWITCH,1,4Yr 00Mth,2025-09-30,IBM ,SAN48B-5 ,,27_HARVEY_ST,1
66,344199,122,1,1041,,,2020-01-01,14963.94,14963.94,0.0,0.0,0.0,,,2020-06-30,HITACHI EMULEX HW,1,3Yr 00Mth,2025-09-30,HITACHI ,EMULEX ,,31_HARVEY_ST,1
66,344202,122,1,1041,,,2019-11-01,217383.66,217383.66,0.0,0.0,0.0,,,2020-06-30,HITACHI BROCADE SWITCH,1,5Yr 00Mth,2025-09-30,HITACHI ,BROCADE ,,GOV_DATA_CNT,1
66,344217,122,1,1041,,,2019-07-01,235394.0,235394.0,0.0,0.0,0.0,,,2020-06-30,PURE STORAGE FLASH ARRAY,1,3Yr 00Mth,2025-09-30, , ,,GOV_DATA_CNT,1
66,344218,122,1,1041,,,2020-01-01,86650.93,86650.93,0.0,0.0,0.0,,,2020-06-30,HDS HYDERSCALE GDC,1,5Yr 00Mth,2025-09-30,HITACHI ,HYPERSCALE  12,,GOV_DATA_CNT,1
66,344219,122,1,1041,,,2020-01-01,86650.93,86650.93,0.0,0.0,0.0,,,2020-06-30,HDS HYDERSCALE BDC,1,5Yr 00Mth,2025-09-30,HITACHI ,HYPERSCALE  12,,31_HARVEY_ST,1
66,344220,122,1,1041,,,2020-01-01,86650.93,86650.93,0.0,0.0,0.0,,,2020-06-30,HDS HYPERSCALE ASP,1,5Yr 00Mth,2025-09-30,HITACHI ,HYPERSCALE  12,,GREATOREX-1,1
66,344316,122,1,1041,,,2020-07-27,301168.2,301168.2,0.0,0.0,0.0,,,2020-09-21,PURE STORAGE PCHFJ,1,3Yr 00Mth,2025-09-30,PURE STORAGE ,C60 ,PCHFJ2023002F,GOV_DATA_CNT,1
66,344317,122,1,1041,,,2020-07-27,301168.2,301168.2,0.0,0.0,0.0,,,2020-09-21,PURE STORAGE PCHFL2,1,3Yr 00Mth,2025-09-30,PURE STORAGE ,C60 ,PCHFL1942004D/PCHFL2,31_HARVEY_ST,1
66,344317B,122,1,1041,,,2021-02-25,192650.24,192650.24,0.0,0.0,0.0,,,2021-05-14,DCSPURE03 ? CI# H033467,1,2Yr 05Mth,2025-09-30,PURE STORAGE ,C60 ,PCHFL2038006A,31_HARVEY_ST,1
66,344435,122,1,1041,,,2021-02-26,205351.51,191661.41,3422.52,10267.56,0.0,,,2021-05-14,DCSPURE04 ? CI# H040715,1,5Yr 00Mth,2025-09-30,PURE STORAGE ,C60 ,PCHFL20450016,GOV_DATA_CNT,1
66,500035,122,1,1041,,,2021-07-05,266610.88,226619.24,4443.51,13330.53,0.0,,,2021-08-25,PURE STORAGE SHELF,1,5Yr 00Mth,2025-09-30,PURE STORAGE ,PURE X70 D ATA PACK,PCHFL20520016,GOV_DATA_CNT,1
66,500682,122,1,1041,,,2023-12-22,59946.36,36633.89,1665.18,4995.54,0.0,,,2024-01-09,DCSPURE02,1,3Yr 00Mth,2025-09-30,PURE STORAGE ,C90R4 ,PCTFL2335A06F/08D,GOV_DATA_CNT,1
66,500683,122,1,1041,,,2023-12-22,59946.36,36633.89,1665.18,4995.54,0.0,,,2024-01-09,DCSPURE03,1,3Yr 00Mth,2025-09-30,PURE STORAGE ,C90R4 ,PCTFL2335A00C/14,GOV_DATA_CNT,1
66,500684,122,1,1041,,,2023-12-22,29900.0,18272.23,830.56,2491.68,0.0,,,2024-01-09,DCSPURE02,1,3Yr 00Mth,2025-09-30,PURE STORAGE ,674TB-DFMC -DP,PCHFJ2023002F,GOV_DATA_CNT,1
66,500796,122,1,1041,,,2024-04-04,105448.14,39543.06,2196.84,6590.52,0.0,,,2024-05-30,DCSPURE04,1,4Yr 00Mth,2025-09-30,PURE ,C60 ,PCHFJ2401002E,GOV_DATA_CNT,1
66,500797,122,1,1041,,,2024-04-04,105448.14,39543.06,2196.84,6590.52,0.0,,,2024-05-30,DCSPURE06,1,4Yr 00Mth,2025-09-30,PURE ,C60 ,PCHFJ23520051,GOV_DATA_CNT,1
66,500798,122,1,1041,,,2024-05-21,38892.51,13774.43,810.26,2430.78,0.0,,,2024-05-30,STORAGE REPLICATION SERV,1,4Yr 00Mth,2025-09-30,HPE ,APOLLO 420 0 G10,SGH412FL8J,27_HARVEY_ST,1
66,500805,122,1,1041,,,2024-05-21,41308.89,14630.23,860.6,2581.8,0.0,,,2024-06-11,STORAGE REPLICATION SVR,1,4Yr 00Mth,2025-09-30,HPE ,APOLLO 420 0,SGH412FL5R,GREATOREX-GRD,1
66,500998,122,1,1041,,,2024-11-26,459108.0,84169.83,7651.8,22955.4,0.0,,,2025-03-26,DCSPURE08,1,5Yr 00Mth,2025-09-30,PURE ,PURE STORA GE ALLFLAS,PCHFL24028A008,GOV_DATA_CNT,1
66,500999,122,1,1041,,,2024-12-03,270894.8,45149.11,4514.91,13544.73,0.0,,,2025-03-26,DCSPURE09,1,5Yr 00Mth,2025-09-30,PURE STORAGE ,FA-E ,PCHFL2442A11E,GOV_DATA_CNT,1
66,501000,122,1,1041,,,2024-12-03,270894.8,45149.11,4514.91,13544.73,0.0,,,2025-03-26,DCSPURE10,1,5Yr 00Mth,2025-09-30,PURE STORAGE ,FA-E ,PCHFL2403A052,BACKUP_DATA,1
66,501028,122,1,1041,,,2025-02-09,30551.31,20367.54,2545.94,7637.82,0.0,,,2025-04-17,DCSPURE01,1,1Yr 00Mth,2025-09-30,PURE STORAGE ,FA-X70R4 ,PCHFL1828003,GOV_DATA_CNT,1
66,501032,122,1,1041,,,2025-01-22,206400.0,51599.99,5733.33,17199.99,0.0,,,2025-04-22,DCSPURE02,1,3Yr 00Mth,2025-09-30,PURE ,FA-C90R4 ,PCHFJ2023002F,GOV_DATA_CNT,1
66,501033,122,1,1041,,,2025-03-10,118397.35,11510.85,1644.41,4933.23,0.0,,,2025-05-13,DCSGDC01-G720,1,6Yr 00Mth,2025-09-30,BROCADE ,GL720 ,FME1940V063,GOV_DATA_CNT,1
66,501034,122,1,1041,,,2025-03-10,118397.35,11510.85,1644.41,4933.23,0.0,,,2025-05-13,DCSGDC02-G720,1,6Yr 00Mth,2025-09-30,BROCADE ,G720 ,FME1940V07N,GOV_DATA_CNT,1
66,501035,122,1,1041,,,2025-03-10,118397.35,11510.85,1644.41,4933.23,0.0,,,2025-05-13,DCSGDC01-G730,1,6Yr 00Mth,2025-09-30,BROCADE ,G730 ,FQG1907V006,GOV_DATA_CNT,1
66,501050,122,1,1041,,,2025-03-10,118397.35,11510.85,1644.41,4933.23,0.0,,,2025-05-13,DCSGDC02-G730,1,6Yr 00Mth,2025-09-30,BROCADE ,G730 ,FQG1921V00J,GOV_DATA_CNT,1
66,501063,122,1,1041,,,2025-06-13,52814.19,5868.23,1467.06,4401.18,0.0,,,2025-06-20,ALLETRA STORAGE SERVER,1,3Yr 00Mth,2025-09-30,HPE ,ALLETRA ST ORAGE SERV,SGHD2NH7LB,BACKUP_DATA,1
66,501540,122,1,1041,,,2021-10-29,201092.85,160874.29,3351.55,10054.65,0.0,,,2021-12-10,DCSPURE02,1,5Yr 00Mth,2025-09-30,PURE STORAGE ,C60 - DFMC -345TB,PCHFL21090059,GOV_DATA_CNT,1
66,501541,122,1,1041,,,2021-10-29,193184.48,154547.58,3219.74,9659.22,0.0,,,2021-12-10,DCSPURE04,1,5Yr 00Mth,2025-09-30,PURE STORAGE ,C60 - DFMC -345TB,PSPFP213976F5,GOV_DATA_CNT,1
66,501542,122,1,1041,,,2021-10-29,94204.16,75363.33,1570.07,4710.21,0.0,,,2021-12-10,DCSPURE03,1,5Yr 00Mth,2025-09-30,PURE STORAGE ,C60 CONVER SION KIT,PSPFP2114616E,31_HARVEY_ST,1
66,501682,122,1,1041,,,2022-05-30,143994.1,122994.98,2999.88,8999.64,0.0,,,2022-06-29,DCSPURE06,1,4Yr 00Mth,2025-09-30,PURE STORAGE ,C60 ,PCHFJ2144004A,31_HARVEY_ST,1
66,501684,122,1,1041,,,2022-05-30,200140.29,170953.18,4169.59,12508.77,0.0,,,2022-06-29,DCSPURE06,1,4Yr 00Mth,2025-09-30,PURE STORAGE ,C60 ,PCHFJ2144004A,31_HARVEY_ST,1
66,501831,122,1,1041,,,2022-08-11,467047.88,295797.02,7784.13,23352.39,0.0,,,2022-09-29,DCSPURE07,1,5Yr 00Mth,2025-09-30,PURE FLASHARRAY ,X70 ,PCHFL2223A055,GOV_DATA_CNT,1
66,501952,122,1,1041,,,2023-03-01,133914.41,69189.11,2231.91,6695.73,0.0,,,2023-04-20,STORAGE REPLICATION SVR,1,5Yr 00Mth,2025-09-30,HPE ,HPE APOLLO  4200,SGH249S4BX/CZ/9V,31_HARVEY_ST,1
66,501953,122,1,1041,,,2023-03-01,89276.27,46126.07,1487.94,4463.82,0.0,,,2023-04-20,STORAGE REPLICATION SVR,1,5Yr 00Mth,2025-09-30,HPE ,HPE APOLLO  4200,SGH249YPJZ/PLK,GREATOREX-1,1
66,341616,122,1,1062,,,2018-05-01,5012.29,3717.46,41.77,125.31,0.0,,,2018-07-10,RITTAL DK 5511.110 RCK 1A,1,10Yr 00Mth,2025-09-30,RITTAL ,5511.110 ,,GOV_DATA_CNT,1
66,341617,122,1,1062,,,2018-05-01,5012.29,3717.46,41.77,125.31,0.0,,,2018-07-10,RITTAL DK 5511.110 RK 1B,1,10Yr 00Mth,2025-09-30,RITTAL ,5511.110 ,,GOV_DATA_CNT,1
66,341618,122,1,1062,,,2018-05-01,5012.29,3717.46,41.77,125.31,0.0,,,2018-07-10,RITTAL DK 5511.110 RK 1C,1,10Yr 00Mth,2025-09-30,RITTAL ,5511.110 ,,GOV_DATA_CNT,1
66,341619,122,1,1062,,,2018-05-01,5012.29,3717.46,41.77,125.31,0.0,,,2018-07-10,RITTAL DK 5511.110 RK 1D,1,10Yr 00Mth,2025-09-30,RITTAL ,5511.110 ,,GOV_DATA_CNT,1
66,341620,122,1,1062,,,2018-05-01,5012.29,3717.46,41.77,125.31,0.0,,,2018-07-10,RITTAL DK 5511.110 RK 1E,1,10Yr 00Mth,2025-09-30,RITTAL ,5511.110 ,,GOV_DATA_CNT,1
66,341621,122,1,1062,,,2018-05-01,5012.29,3717.46,41.77,125.31,0.0,,,2018-07-10,RITTAL DK 5511.110 RK 1F,1,10Yr 00Mth,2025-09-30,RITTAL ,5511.110 ,,GOV_DATA_CNT,1
66,341622,122,1,1062,,,2018-05-01,5012.29,3717.46,41.77,125.31,0.0,,,2018-07-10,RITTAL DK 5511.110 RK 1G,1,10Yr 00Mth,2025-09-30,RITTAL ,5511.110 ,,GOV_DATA_CNT,1
66,341623,122,1,1062,,,2018-05-01,5012.29,3717.46,41.77,125.31,0.0,,,2018-07-10,RITTAL DK 5511.110 RK 1H,1,10Yr 00Mth,2025-09-30,RITTAL ,5511.110 ,,GOV_DATA_CNT,1
66,341624,122,1,1062,,,2018-05-01,5012.29,3717.46,41.77,125.31,0.0,,,2018-07-10,RITTAL DK5511.110 RK 1I,1,10Yr 00Mth,2025-09-30,RITTAL ,5511.110 ,,GOV_DATA_CNT,1
66,341625,122,1,1062,,,2018-05-01,5012.29,3717.46,41.77,125.31,0.0,,,2018-07-10,RITTL DK 5511.110 RK 1J,1,10Yr 00Mth,2025-09-30,RITTAL ,5511.110 ,,GOV_DATA_CNT,1
66,341626,122,1,1062,,,2018-05-01,5012.29,3717.46,41.77,125.31,0.0,,,2018-07-10,RITTLL DK 5511.110 RK 1K,1,10Yr 00Mth,2025-09-30,RITTAL ,5511.110 ,,GOV_DATA_CNT,1
66,341627,122,1,1062,,,2018-05-01,5012.29,3717.46,41.77,125.31,0.0,,,2018-07-10,RITTL DK 5511.110 RK 2A,1,10Yr 00Mth,2025-09-30,RITTAL ,5511.110 ,,GOV_DATA_CNT,1
66,341628,122,1,1062,,,2018-05-01,5012.29,3717.46,41.77,125.31,0.0,,,2018-07-10,RITTL DK 5511.110 RACK 2I,1,10Yr 00Mth,2025-09-30,RITTAL ,5511.110 ,,GOV_DATA_CNT,1
66,341629,122,1,1062,,,2018-05-01,5012.3,3717.46,41.77,125.31,0.0,,,2018-07-10,RITTL DK 5511.110 RK 2C,1,10Yr 00Mth,2025-09-30,RITTAL ,5511.110 ,,GOV_DATA_CNT,1
66,341630,122,1,1062,,,2018-05-01,5012.3,3717.46,41.77,125.31,0.0,,,2018-07-10,RITTL DK 5511.110 RK 2D,1,10Yr 00Mth,2025-09-30,RITTAL ,5511.110 ,,GOV_DATA_CNT,1
66,341631,122,1,1062,,,2018-05-01,7687.87,5701.86,64.07,192.21,0.0,,,2018-07-10,RITTAL 42RU W600MM RK 3K,1,10Yr 00Mth,2025-09-30,RITTAL ,5510.110 ,,GOV_DATA_CNT,1
66,341632,122,1,1062,,,2018-05-01,7687.87,5701.86,64.07,192.21,0.0,,,2018-07-10,GDC RITTAL 42RU W600MM 5L,1,10Yr 00Mth,2025-09-30,RITTAL ,5510.110 ,,GOV_DATA_CNT,1
66,341633,122,1,1062,,,2018-05-01,6780.67,5029.02,56.51,169.53,0.0,,,2018-07-10,RITTAL 42RU W800MM RK 2F,1,10Yr 00Mth,2025-09-30,RITTAL ,5511.110 ,,GOV_DATA_CNT,1
66,341634,122,1,1062,,,2018-05-01,6780.67,5029.02,56.51,169.53,0.0,,,2018-07-10,RITTAL 42RU W800MM RK 2G,1,10Yr 00Mth,2025-09-30,RITTAL ,5511.110 ,,GOV_DATA_CNT,1
66,341635,122,1,1062,,,2018-05-01,6780.67,5029.02,56.51,169.53,0.0,,,2018-07-10,RITTAL 42RU W800MM RK 2H,1,10Yr 00Mth,2025-09-30,RITTAL ,5511.110 ,,GOV_DATA_CNT,1
66,341636,122,1,1062,,,2018-05-01,6780.67,5029.02,56.51,169.53,0.0,,,2018-07-10,RITTAL 42RU W800MM RK 3A,1,10Yr 00Mth,2025-09-30,RITTAL ,5511.110 ,,GOV_DATA_CNT,1
66,341637,122,1,1062,,,2018-05-01,6780.67,5029.02,56.51,169.53,0.0,,,2018-07-10,RITTAL 42RU W800MM 3B,1,10Yr 00Mth,2025-09-30,RITTAL ,5511.110 ,,GOV_DATA_CNT,1
66,341638,122,1,1062,,,2018-05-01,6780.67,5029.02,56.51,169.53,0.0,,,2018-07-10,RITTAL 42RU W800MM 3C,1,10Yr 00Mth,2025-09-30,RITTAL ,5511.110 ,,GOV_DATA_CNT,1
66,341639,122,1,1062,,,2018-05-01,6780.67,5029.02,56.51,169.53,0.0,,,2018-07-10,RITTAL 42RU W800MM RK 3D,1,10Yr 00Mth,2025-09-30,RITTAL ,5511.110 ,,GOV_DATA_CNT,1
66,341640,122,1,1062,,,2018-05-01,6780.67,5029.02,56.51,169.53,0.0,,,2018-07-10,RITTAL 42RU W800MM RK 3E,1,10Yr 00Mth,2025-09-30,RITTAL ,5511.110 ,,GOV_DATA_CNT,1
66,341641,122,1,1062,,,2018-05-01,6780.67,5029.02,56.51,169.53,0.0,,,2018-07-10,RITTAL 42RU W800MM RK 3F,1,10Yr 00Mth,2025-09-30,RITTAL ,5511.110 ,,GOV_DATA_CNT,1
66,341642,122,1,1062,,,2018-05-01,6780.67,5029.02,56.51,169.53,0.0,,,2018-07-10,RITTAL 42RU W800MM RK 3G,1,10Yr 00Mth,2025-09-30,RITTAL ,5511.110 ,,GOV_DATA_CNT,1
66,341643,122,1,1062,,,2018-05-01,5012.3,3717.46,41.77,125.31,0.0,,,2018-07-10,RITTAL DK 5511.110 RK 2E,1,10Yr 00Mth,2025-09-30,RITTAL ,5511.110 ,,GOV_DATA_CNT,1
66,343782,122,1,1062,,,2019-04-01,4370.0,2840.51,36.42,109.26,0.0,,,2019-07-16,1M-A / 1M-B RACK,1,10Yr 00Mth,2025-09-30,RITTAL ,RITTAL CO- LOCATION R,,GOV_DATA_CNT,1
66,343790,122,1,1062,,,2019-04-01,4370.0,2840.51,36.42,109.26,0.0,,,2019-07-16,2M-A / 2M-B RACK,1,10Yr 00Mth,2025-09-30,RITTAL ,RITTAL CO- LOCATION R,,GOV_DATA_CNT,1
66,344123,122,1,1062,,,2020-01-01,51567.0,29651.04,429.73,1289.19,0.0,,,2020-06-17,GDC FITOUT UPS,1,10Yr 00Mth,2025-09-30,CONSTRUCTION FI TOUT, ,,GOV_DATA_CNT,1
66,344125A,122,1,1062,,,2020-01-01,5220.0,3001.5,43.5,130.5,0.0,,,2020-06-17,CLASS C RACK 7A,1,10Yr 00Mth,2025-09-30,B&R ,CLASS C ,B&R - 18-0720,GOV_DATA_CNT,1
66,344125B,122,1,1062,,,2020-01-01,5220.0,3001.5,43.5,130.5,0.0,,,2020-06-17,CLASS C RACK 7B,1,10Yr 00Mth,2025-09-30,B&R ,CLASS C ,B&R - 18-0721,GOV_DATA_CNT,1
66,344142A,122,1,1062,,,2020-01-01,3997.5,2298.56,33.31,99.93,0.0,,,2020-06-18,RITTAL RACK 1L,1,10Yr 00Mth,2025-09-30,RITTAL (800MM) ,TS-IT DK55 11-110,,GOV_DATA_CNT,1
66,344142B,122,1,1062,,,2020-01-01,3997.5,2298.56,33.31,99.93,0.0,,,2020-06-18,RITTAL RACK 2B,1,10Yr 00Mth,2025-09-30,RITTAL (800MM) ,TS-IT 5511 -110,,GOV_DATA_CNT,1
66,344142C,122,1,1062,,,2020-01-01,3997.5,2298.56,33.31,99.93,0.0,,,44000.0,RITTAL RACK 2J,1,10Yr 00Mth,2025-09-30,RITTAL (800MM) ,TS-IT DK 5 511-110,,GOV_DATA_CNT,1
66,344142D,122,1,1062,,,2020-01-01,3997.5,2298.56,33.31,99.93,0.0,,,2020-06-18,RITTAL RACK 2K,1,10Yr 00Mth,2025-09-30,RITTAL (800MM) ,TS-IT 5511 -110,,GOV_DATA_CNT,1
66,344142E,122,1,1062,,,2020-01-01,3997.5,2298.56,33.31,99.93,0.0,,,2020-06-18,RITTAL RACK 2L,1,10Yr 00Mth,2025-09-30,RITTAL (800MM) ,TS-IT DK 5 511-110,,GOV_DATA_CNT,1
66,344142F,122,1,1062,,,2020-01-01,3997.5,2298.56,33.31,99.93,0.0,,,2020-06-18,RITTAL RACK 6A,1,10Yr 00Mth,2025-09-30,RITTAL (800MM) ,TS-IT DK 5 511-110,,GOV_DATA_CNT,1
66,344142G,122,1,1062,,,2020-01-01,3997.5,2298.56,33.31,99.93,0.0,,,2020-06-18,RITTAL RACK 6B,1,10Yr 00Mth,2025-09-30,RITTAL (800MM) ,TS-IT DK 5 511-110,,GOV_DATA_CNT,1
66,344142H,122,1,1062,,,2020-01-01,3997.5,2298.56,33.31,99.93,0.0,,,2020-06-18,RITTAL RACK 6C,1,10Yr 00Mth,2025-09-30,RITTAL (800MM) ,TS-IT DK 5 511-110,,GOV_DATA_CNT,1
66,344142I,122,1,1062,,,2020-01-01,3997.5,2298.56,33.31,99.93,0.0,,,2020-06-18,RITTAL RACK 6D,1,10Yr 00Mth,2025-09-30,RITTAL (800MM) ,TS-IT DK 5 511-110,,GOV_DATA_CNT,1
66,344142J,122,1,1062,,,2020-01-01,3997.5,2298.56,33.31,99.93,0.0,,,2020-06-18,RITTAL RACK 6E,1,10Yr 00Mth,2025-09-30,RITTAL (800MM) ,TS-IT DK55 11-110,,GOV_DATA_CNT,1
66,344203A,122,1,1062,,,2020-01-01,5233.35,3009.17,43.61,130.83,0.0,,,2020-06-30,B&R CLASS C RACK 7C,1,10Yr 00Mth,2025-09-30,B&R ,CLASS C ,B&R -18-0712,GOV_DATA_CNT,1
66,344203B,122,1,1062,,,2020-01-01,5233.33,3009.15,43.61,130.83,0.0,,,2020-06-30,B&R CLASS C RACK 7E,1,10Yr 00Mth,2025-09-30,B&R ,CLASS C ,B&R-18-0711,GOV_DATA_CNT,2
66,344203C,122,1,1062,,,2020-01-01,5233.33,3009.15,43.61,130.83,0.0,,,2020-06-30,B&R CLASS C RACK 7G,1,10Yr 00Mth,2025-09-30,B&R ,CLASS C ,B&R-18-0962,GOV_DATA_CNT,1
66,344203D,122,1,1062,,,2020-01-01,5233.33,3009.15,43.61,130.83,0.0,,,2020-06-30,B&R CLASS C RACK 7H,1,10Yr 00Mth,2025-09-30,B&R ,CLASS C ,B&R-18-0961,GOV_DATA_CNT,1
66,344203E,122,1,1062,,,2020-01-01,5233.33,3009.15,43.61,130.83,0.0,,,2020-06-30,B&R CLASS C RACK 7I,1,10Yr 00Mth,2025-09-30,B&R ,CLASS C ,B&R-18-0718,GOV_DATA_CNT,1
66,344203F,122,1,1062,,,2020-01-01,5233.33,3009.15,43.61,130.83,0.0,,,2020-06-30,B&R CLASS C RACK 7J,1,10Yr 00Mth,2025-09-30,B&R ,CLASS C ,B&R-18-0719,GOV_DATA_CNT,1
66,500879,122,1,1062,,,2025-02-01,64501.2,5375.11,671.89,2015.67,0.0,,,2025-04-17,UPSA1 BATTERY BANK,1,8Yr 00Mth,2025-09-30,POWERLYTE ,PLFT12-175 ,N/A,GOV_DATA_CNT,1
66,501057,122,1,1062,,,2025-06-01,64501.2,2687.55,671.89,2015.67,0.0,,,2025-06-26,UPSB1 BATTERY BANK,1,8Yr 00Mth,2025-09-30,POWERLYTE ,PLFT12-175 ,,GOV_DATA_CNT,1
66,344204,122,1,1063,,,2020-01-01,119703.6,68829.57,997.53,2992.59,0.0,,,2020-06-30,BDC CONTAINMENT FITOUT,1,10Yr 00Mth,2025-09-30, , ,,31_HARVEY_ST,1
66,344240,122,4,1021,,,2020-01-01,465576.36,465576.36,0.0,0.0,0.0,,,2020-07-18,HP BLADE SERVERS,1,4Yr 00Mth,2025-09-30,HP ,BL460C G9 ,MULTI,GOV_DATA_CNT,1
66,339204,122A,1,1021,,,2014-07-30,21508.5,21508.5,0.0,0.0,0.0,,,2014-08-29,VIDEO BROADCASTING SYST 1,1,10Yr 00Mth,2025-09-30,VBRICK ,HPS 9000 E NCODER,91051400006,DRW_PLZ-3,1
66,339205,122A,1,1021,,,2014-07-30,21508.5,21508.5,0.0,0.0,0.0,,,2014-08-29,VIDEO BROADCASTING SYST 2,1,10Yr 00Mth,2025-09-30,VBRICK ,HPS 9000 E NCODER,91051400007,DRW_PLZ-3,1
66,344377,122A,7,1081,,,2020-12-05,13552.2,13100.46,225.87,677.61,0.0,,,2024-08-26,COMMERCIAL DISPLAY SCREEN,1,5Yr 00Mth,2025-09-30,LG ,86UT640S ,912KCDGL7234,DRW_PLZ-3,1
66,336943,129,1,1021,,,2008-04-01,22620.0,22620.0,0.0,0.0,0.0,,,2008-09-16,DAIKIN AIR-CON CASSETTE1,1,10Yr 00Mth,2025-09-30,DAIKIN , ,,DRW_PLZ-3,1
66,336944,129,1,1021,,,2008-04-01,22620.0,22620.0,0.0,0.0,0.0,,,2008-09-16,DAIKIN AIR-CON CASSETTE2,1,10Yr 00Mth,2025-09-30,DAIKIN , ,,DRW_PLZ-3,1
66,202773,129,1,1062,,,2016-07-01,30250.45,27981.68,252.09,756.27,0.0,,,2017-03-24,GATE UPGRADE,1,10Yr 00Mth,2025-09-30, , ,NA,GOV_DATA_CNT,1
66,344122,129,1,1062,,,2020-01-01,187935.45,108062.89,1566.13,4698.39,0.0,,,2020-06-17,GDC AIRCONDITIONING FITOU,1,10Yr 00Mth,2025-09-30,CONSTRUCTION FI TOUT, ,,GOV_DATA_CNT,1
66,344205,129,1,1062,,,2020-01-01,278868.53,160349.41,2323.91,6971.73,0.0,,,2020-06-30,GDC UPS,1,10Yr 00Mth,2025-09-30, , ,,GOV_DATA_CNT,1
66,344206,129,1,1062,,,2020-01-01,107041.0,61548.58,892.01,2676.03,0.0,,,2020-06-30,GDC CRAC UNIT 2,1,10Yr 00Mth,2025-09-30,VERTIV (LIEBERT ),LSF62-R3 ,21013024122196000000,GOV_DATA_CNT,1
66,344491,129,1,1062,,,2021-02-16,181659.71,84774.53,1513.83,4541.49,0.0,,,2021-06-08,GENERATOR 1,1,10Yr 00Mth,2025-09-30,CATERPILLAR ,C15 550 ,CAT00C15HLXJ05704,GOV_DATA_CNT,1
66,344492,129,1,1062,,,2021-02-16,181659.71,84774.53,1513.83,4541.49,0.0,,,2021-06-08,GENERATOR 2,1,10Yr 00Mth,2025-09-30,CATERPILLAR ,C15 550 ,CAT00C15TLXJ05657,GOV_DATA_CNT,1
66,344493,129,1,1062,,,2021-02-16,100852.94,47064.7,840.44,2521.32,0.0,,,2021-06-08,DB.GEN-1,1,10Yr 00Mth,2025-09-30,ISAS ,DISTRIBUTI ON BOARD,DB.GEN-1,GOV_DATA_CNT,1
66,500780,129,1,1062,,,2024-01-10,73697.58,25794.15,1228.29,3684.87,0.0,,,2024-05-15,FUEL POLISHING SYSTEM UPG,1,5Yr 00Mth,2025-09-30,BLACKMER XL TRF  PUMPS (2),TAI 100L1- 4 (2),201204078045,GOV_DATA_CNT,1
66,344207,129,1,1063,,,2020-01-01,97200.01,55890.0,810.0,2430.0,0.0,,,2020-06-30,BDC FITOUT - POWER,1,10Yr 00Mth,2025-09-30, , ,,27_HARVEY_ST,1
66,344208,129,1,1063,,,2020-01-01,194725.83,111967.36,1622.72,4868.16,0.0,,,2020-06-30,BDC FITOUT-STRUCT CABLING,1,10Yr 00Mth,2025-09-30, , ,,27_HARVEY_ST,1
66,00159_L0822,129,4,103A,,,2022-08-17,14363.64,9746.74,256.49,769.47,0.0,,,2023-06-09,LEASEHOLD IMPRV INCENTIVE,1,4Yr 08Mth,2025-09-30, , ,,DRW_PLZ-3,1
66,00159_W0518,129,4,103A,,,2018-05-01,163365.55,135883.5,1526.78,4580.34,0.0,,,2018-06-19,PLAZA 3 KITCHEN REFURB,1,8Yr 11Mth,2025-09-30, , ,,DRW_PLZ-3,1
66,GDC CABLING,129,4,1062,,,2020-01-01,415519.03,238923.44,3462.66,10387.98,0.0,,,2020-07-18,GDC STRUCTURED CABLING,1,10Yr 00Mth,2025-09-30, , ,,GOV_DATA_CNT,1
66,GDC FITOUT,129,4,1062,,,2020-01-01,6133621.7,1959351.38,28396.4,85189.2,0.0,,,2020-07-18,GDC FITOUT,1,18Yr 00Mth,2025-09-30, , ,,GOV_DATA_CNT,1
66,01005A1_W0713,129,7,1062,,,2013-07-30,109636.2,109636.2,0.0,0.0,0.0,,,2014-11-27,PROCESSOR COOLER,1,10Yr 00Mth,2025-09-30, , ,,CHAN_BLD-GRD,1
66,01005M_W0510,129,7,1062,,,2010-05-25,121699.5,121699.5,0.0,0.0,0.0,,,2014-11-27,PROCESSOR COOLER UNIT6,1,7Yr 02Mth,2025-09-30, , ,,CHAN_BLD-GRD,1
66,340306,143,1,1021,,,2017-10-01,66960.0,66960.0,0.0,0.0,0.0,,,2017-12-07,VMWARE VCLOUD SUITE7 ENTP,1,3Yr 00Mth,2025-09-30, , ,CL7-ENT-C,DRW_PLZ-3,1
66,341611,143,1,1021,,,2017-07-01,28841.0,28841.0,0.0,0.0,0.0,,,2018-07-09,ORACLE DB PROCESSOR,1,1Yr 07Mth,2025-09-30, , ,,DRW_PLZ-3,1
66,341614,143,1,1021,,,2017-07-01,77068.6,77068.6,0.0,0.0,0.0,,,2018-07-09,ENTERPRISE LICENSE AGRMNT,1,3Mth,2025-09-30, , ,,DRW_PLZ-3,1
66,342578,143,1,1021,,,2018-03-01,24640.0,24640.0,0.0,0.0,0.0,,,2018-04-27,NINTEX FORMS-ENT SERV LIC,1,3Yr 00Mth,2025-09-30,NINTEX ,ENTERPRISE  EDITION,,DRW_PLZ-3,1
66,341612,143,1,1041,,,2017-07-01,107964.0,107964.0,0.0,0.0,0.0,,,2018-07-09,HITACHI VSP G800 SOFTWARE,1,2Yr 03Mth,2025-09-30, , ,,DRW_PLZ-3,1
66,341803,143,1,1041,,,2018-08-01,64630.4,64630.4,0.0,0.0,0.0,,,2018-10-18,VEEAM AVAILABILITY SUITE,1,1Mth,2025-09-30,NEC , ,,DRW_PLZ-3,1
66,344200,143,1,1041,,,2020-01-01,185370.0,185370.0,0.0,0.0,0.0,,,2020-07-17,HITACHI CLA CAPACITY GDC,1,1Mth,2025-09-30, , ,F78AF,DRW_PLZ-3,1
66,344201,143,1,1041,,,2020-01-01,185748.84,185748.84,0.0,0.0,0.0,,,2020-07-17,HITACHI CLA CAPACITY BDC,1,1Mth,2025-09-30, , ,,DRW_PLZ-3,1
66,344221,143,1,1041,,,2020-01-01,158760.53,158760.53,0.0,0.0,0.0,,,2020-06-30,HDS HYPERSCALE SOFTWARE,1,1Mth,2025-09-30,HITACHI ,HYPERSCALE 12,,DRW_PLZ-3,1
